ID,種類,地域,市区町村コード,都道府県名,市区町村名,地区名,最寄駅：名称,最寄駅：距離（分）,間取り,面積（㎡）,土地の形状,間口,延床面積（㎡）,建築年,建物の構造,用途,今後の利用目的,前面道路：方位,前面道路：種類,前面道路：幅員（ｍ）,都市計画,建ぺい率（％）,容積率（％）,取引時点,改装,取引の事情等,取引価格（総額）_log
32012742,中古マンション等,,32201,島根県,松江市,学園南,松江,19,３ＬＤＫ,70,,,,平成20年,ＲＣ,住宅,住宅,,,,第２種住居地域,60.0,200.0,2014年第4四半期,改装済,,7.3222192947339195
32001159,中古マンション等,,32201,島根県,松江市,袖師町,松江,21,４ＬＤＫ,70,,,,平成12年,ＳＲＣ,住宅,住宅,,,,商業地域,80.0,400.0,2020年第3四半期,未改装,,7.079181246047625
32031059,中古マンション等,,32201,島根県,松江市,浜乃木,乃木,8,３ＬＤＫ,80,,,,平成15年,ＲＣ,住宅,,,,,準工業地域,60.0,200.0,2008年第2四半期,未改装,,7.361727836017593
32000844,中古マンション等,,32201,島根県,松江市,古志原,松江,30分?60分,３ＬＤＫ,65,,,,平成16年,ＲＣ,住宅,住宅,,,,第１種住居地域,60.0,200.0,2017年第1四半期,未改装,,7.146128035678238
32028079,中古マンション等,,32201,島根県,松江市,学園南,松江,19,３ＬＤＫ,90,,,,平成20年,ＲＣ,住宅,,,,,第２種住居地域,60.0,200.0,2009年第4四半期,未改装,,7.414973347970818
32004064,中古マンション等,,32203,島根県,出雲市,今市町北本町,出雲市,12,２ＬＤＫ,70,,,,平成21年,ＲＣ,住宅,住宅,,,,商業地域,80.0,400.0,2020年第1四半期,未改装,,7.301029995663981
32018996,中古マンション等,,32201,島根県,松江市,奥谷町,松江,30分?60分,３ＬＤＫ,60,,,,平成3年,ＲＣ,住宅,住宅,,,,第１種中高層住居専用地域,60.0,200.0,2015年第2四半期,改装済,,7.041392685158225
32022143,中古マンション等,,32201,島根県,松江市,東津田町,松江,30分?60分,３ＬＤＫ,75,,,,平成19年,ＲＣ,住宅,,,,,第１種住居地域,60.0,200.0,2012年第1四半期,未改装,,7.361727836017593
32001735,中古マンション等,,32201,島根県,松江市,西津田,松江,29,４ＬＤＫ,85,,,,平成25年,ＲＣ,住宅,住宅,,,,第２種中高層住居専用地域,60.0,200.0,2017年第2四半期,未改装,,7.301029995663981
32001736,中古マンション等,,32201,島根県,松江市,西津田,松江,13,４ＬＤＫ,75,,,,平成4年,ＲＣ,住宅,住宅,,,,第１種住居地域,60.0,200.0,2017年第2四半期,改装済,,7.204119982655925
32019647,中古マンション等,,32201,島根県,松江市,西津田,松江,12,３ＬＤＫ,60,,,,平成4年,ＲＣ,住宅,住宅,,,,第１種住居地域,60.0,200.0,2015年第1四半期,未改装,,6.977723605288848
32025536,中古マンション等,,32201,島根県,松江市,西津田,松江,14,３ＬＤＫ,75,,,,平成9年,ＲＣ,住宅,,,,,第２種住居地域,60.0,200.0,2013年第2四半期,未改装,,7.204119982655925
32028054,中古マンション等,,32201,島根県,松江市,内中原町,松江,28,３ＬＤＫ,70,,,,平成13年,ＲＣ,住宅,,,,,商業地域,80.0,400.0,2009年第1四半期,改装済,,7.041392685158225
32021236,中古マンション等,,32201,島根県,松江市,学園,松江,29,３ＬＤＫ,60,,,,平成7年,ＲＣ,住宅,,,,,第２種中高層住居専用地域,60.0,200.0,2012年第1四半期,改装済,,7.146128035678238
32000641,中古マンション等,,32201,島根県,松江市,北田町,松江,20,３ＬＤＫ,70,,,,平成8年,ＲＣ,住宅,住宅,,,,第１種住居地域,60.0,200.0,2020年第2四半期,未改装,,7.146128035678238
32001164,中古マンション等,,32201,島根県,松江市,袖師町,松江,23,３ＬＤＫ,60,,,,平成12年,ＳＲＣ,住宅,住宅,,,,商業地域,80.0,400.0,2016年第4四半期,未改装,,7.113943352306837
32014227,中古マンション等,,32203,島根県,出雲市,中野美保北,出雲市,27,４ＬＤＫ,80,,,,平成17年,ＲＣ,住宅,住宅,,,,第２種住居地域,60.0,200.0,2014年第4四半期,未改装,,7.2552725051033065
32001153,中古マンション等,,32201,島根県,松江市,砂子町,松江しんじ湖温泉,9,３ＬＤＫ,75,,,,平成12年,ＲＣ,,住宅,,,,近隣商業地域,80.0,200.0,2021年第1四半期,未改装,,7.230448921378274
32000470,中古マンション等,,32201,島根県,松江市,学園,松江,30分?60分,３ＬＤＫ,65,,,,平成8年,ＲＣ,住宅,,,,,第２種住居地域,60.0,200.0,2019年第4四半期,未改装,関係者間取引,6.903089986991944
32028080,中古マンション等,,32201,島根県,松江市,学園南,松江,19,３ＬＤＫ,80,,,,平成20年,ＲＣ,住宅,,,,,第２種住居地域,60.0,200.0,2009年第4四半期,未改装,,7.3979400086720375
32001183,中古マンション等,,32201,島根県,松江市,大正町,松江,4,４ＬＤＫ,100,,,,平成17年,ＳＲＣ,住宅,住宅,,,,商業地域,80.0,400.0,2017年第3四半期,未改装,,7.477121254719663
32029025,中古マンション等,,32203,島根県,出雲市,中野美保北,出雲市,29,３ＬＤＫ,70,,,,平成17年,ＲＣ,住宅,,,,,第２種住居地域,60.0,200.0,2009年第2四半期,未改装,調停・競売等,6.973127853599698
32004148,中古マンション等,,32203,島根県,出雲市,塩冶善行町,出雲市,7,３ＬＤＫ,65,,,,,ＲＣ,,住宅,,,,第２種住居地域,60.0,200.0,2020年第3四半期,未改装,,7.3222192947339195
32019755,中古マンション等,,32201,島根県,松江市,東朝日町,松江,13,３ＬＤＫ,75,,,,平成15年,ＲＣ,住宅,住宅,,,,準工業地域,60.0,200.0,2015年第4四半期,未改装,,7.278753600952829
32030999,中古マンション等,,32201,島根県,松江市,西津田,松江,13,３ＬＤＫ,70,,,,平成5年,ＲＣ,住宅,,,,,第１種住居地域,60.0,200.0,2008年第4四半期,未改装,,7.0
32025648,中古マンション等,,32201,島根県,松江市,東朝日町,松江,10,,75,,,,平成15年,ＲＣ,住宅,,,,,準工業地域,60.0,200.0,2013年第4四半期,,,7.2552725051033065
32000573,中古マンション等,,32201,島根県,松江市,春日町,松江,30分?60分,３ＬＤＫ,70,,,,平成21年,ＲＣ,住宅,住宅,,,,第２種中高層住居専用地域,60.0,200.0,2021年第1四半期,未改装,,7.230448921378274
32001149,中古マンション等,,32201,島根県,松江市,砂子町,松江,30分?60分,３ＬＤＫ,70,,,,,,,住宅,,,,第２種中高層住居専用地域,60.0,200.0,2020年第3四半期,,,7.414973347970818
32025655,中古マンション等,,32201,島根県,松江市,東朝日町,松江,6,３ＬＤＫ,70,,,,平成14年,ＳＲＣ,住宅,,,,,商業地域,80.0,400.0,2013年第1四半期,未改装,,7.230448921378274
32031004,中古マンション等,,32201,島根県,松江市,西津田,松江,13,３ＬＤＫ,60,,,,平成6年,ＲＣ,住宅,,,,,第１種住居地域,,,2008年第2四半期,未改装,,6.929418925714293
32015148,中古マンション等,,32201,島根県,松江市,学園南,,,３ＬＤＫ,75,,,,平成12年,ＳＲＣ,住宅,,,,,,,,2011年第1四半期,未改装,,7.342422680822207
32000478,中古マンション等,,32201,島根県,松江市,学園,松江,23,３ＬＤＫ,70,,,,平成14年,ＳＲＣ,,住宅,,,,第２種住居地域,60.0,200.0,2018年第2四半期,未改装,,7.230448921378274
32001322,中古マンション等,,32201,島根県,松江市,玉湯町湯町,玉造温泉,13,２ＬＤＫ,65,,,,平成28年,ＲＣ,住宅,住宅,,,,商業地域,80.0,400.0,2020年第1四半期,未改装,,7.041392685158225
32001744,中古マンション等,,32201,島根県,松江市,西津田,松江,18,２ＬＤＫ,55,,,,平成4年,ＲＣ,住宅,住宅,,,,第１種住居地域,60.0,200.0,2016年第4四半期,未改装,,5.8750612633917
32014864,中古マンション等,,32203,島根県,出雲市,今市町北本町,出雲市,11,２ＬＤＫ,65,,,,平成21年,ＲＣ,住宅,,,,,商業地域,80.0,400.0,2010年第2四半期,未改装,,7.204119982655925
32015728,中古マンション等,,32201,島根県,松江市,西川津町,松江,30分?60分,３ＬＤＫ,65,,,,平成13年,ＲＣ,住宅,,,,,第１種中高層住居専用地域,60.0,200.0,2011年第3四半期,改装済,,7.176091259055681
32019625,中古マンション等,,32201,島根県,松江市,西津田,松江,20,３ＬＤＫ,70,,,,平成4年,ＲＣ,住宅,住宅,,,,第１種住居地域,60.0,200.0,2015年第4四半期,改装済,,7.113943352306837
32001158,中古マンション等,,32201,島根県,松江市,袖師町,松江,21,４ＬＤＫ,85,,,,平成12年,ＳＲＣ,住宅,住宅,,,,商業地域,80.0,400.0,2020年第3四半期,改装済,,7.2552725051033065
32001166,中古マンション等,,32201,島根県,松江市,袖師町,松江,21,３ＬＤＫ,60,,,,平成12年,ＳＲＣ,住宅,住宅,,,,商業地域,80.0,400.0,2016年第1四半期,未改装,,7.204119982655925
32012788,中古マンション等,,32201,島根県,松江市,黒田町,松江,30分?60分,２ＬＤＫ,65,,,,平成13年,ＲＣ,住宅,住宅,,,,近隣商業地域,80.0,200.0,2014年第4四半期,未改装,,7.176091259055681
32001163,中古マンション等,,32201,島根県,松江市,袖師町,松江,23,３ＬＤＫ,60,,,,平成12年,ＳＲＣ,住宅,住宅,,,,商業地域,80.0,400.0,2017年第1四半期,未改装,,7.146128035678238
32001190,中古マンション等,,32201,島根県,松江市,大輪町,松江,26,３ＬＤＫ,70,,,,平成19年,ＲＣ,住宅,住宅,,,,第１種住居地域,60.0,200.0,2017年第4四半期,未改装,,7.278753600952829
32013466,中古マンション等,,32201,島根県,松江市,学園,松江,30分?60分,３ＬＤＫ,75,,,,平成16年,ＳＲＣ,住宅,,,,,第２種住居地域,60.0,200.0,2010年第1四半期,未改装,,7.204119982655925
32013510,中古マンション等,,32201,島根県,松江市,春日町,松江,30分?60分,３ＬＤＫ,70,,,,平成21年,ＲＣ,住宅,,,,,第２種中高層住居専用地域,60.0,200.0,2010年第2四半期,未改装,,7.2552725051033065
32000460,中古マンション等,,32201,島根県,松江市,学園,松江,30分?60分,３ＬＤＫ,65,,,,平成8年,ＲＣ,住宅,住宅,,,,第２種住居地域,60.0,200.0,2021年第1四半期,,,7.204119982655925
32028112,中古マンション等,,32201,島根県,松江市,春日町,松江,30分?60分,３ＬＤＫ,70,,,,平成21年,ＲＣ,住宅,,,,,第２種中高層住居専用地域,60.0,200.0,2009年第3四半期,未改装,,7.301029995663981
32015289,中古マンション等,,32201,島根県,松江市,黒田町,松江,15,３ＬＤＫ,70,,,,平成13年,ＲＣ,住宅,,,,,近隣商業地域,80.0,200.0,2011年第1四半期,改装済,,7.146128035678238
32029026,中古マンション等,,32203,島根県,出雲市,中野美保北,出雲市,,３ＬＤＫ,70,,,,平成17年,ＲＣ,住宅,,,,,第２種住居地域,60.0,200.0,2009年第2四半期,改装済,,7.176091259055681
32021884,中古マンション等,,32201,島根県,松江市,西川津町,松江,24,３ＬＤＫ,60,,,,平成2年,ＲＣ,住宅,,,,,第１種住居地域,60.0,200.0,2012年第3四半期,未改装,,6.681241237375588
32001673,中古マンション等,,32201,島根県,松江市,西川津町,松江,30分?60分,３ＬＤＫ,70,,,,平成13年,ＲＣ,住宅,住宅,,,,第１種中高層住居専用地域,60.0,200.0,2016年第1四半期,未改装,,7.113943352306837
32001645,中古マンション等,,32201,島根県,松江市,西川津町,松江,28,３ＬＤＫ,60,,,,平成2年,ＲＣ,,住宅,,,,第１種住居地域,60.0,200.0,2017年第4四半期,未改装,,6.724275869600789
32002333,中古マンション等,,32201,島根県,松江市,東津田町,松江,25,２ＬＤＫ＋Ｓ,65,,,,平成12年,ＳＲＣ,住宅,住宅,,,,第１種住居地域,60.0,200.0,2018年第3四半期,改装済,,7.176091259055681
32001739,中古マンション等,,32201,島根県,松江市,西津田,松江,16,４ＬＤＫ,75,,,,平成4年,ＲＣ,住宅,住宅,,,,第１種住居地域,60.0,200.0,2017年第1四半期,未改装,調停・競売等,7.079181246047625
32012758,中古マンション等,,32201,島根県,松江市,春日町,松江,30分?60分,４ＬＤＫ,90,,,,平成21年,ＲＣ,住宅,住宅,,,,第２種中高層住居専用地域,60.0,200.0,2014年第3四半期,未改装,,7.477121254719663
32019002,中古マンション等,,32201,島根県,松江市,学園,松江,30分?60分,３ＬＤＫ,70,,,,平成16年,ＳＲＣ,住宅,住宅,,,,第２種中高層住居専用地域,60.0,200.0,2015年第4四半期,未改装,,7.278753600952829
32013393,中古マンション等,,32201,島根県,松江市,上乃木,松江,30分?60分,４ＬＤＫ,85,,,,平成18年,ＲＣ,住宅,,,,,第２種住居地域,60.0,200.0,2010年第3四半期,未改装,,7.3222192947339195
32016144,中古マンション等,,32201,島根県,松江市,東茶町,松江,20,３ＬＤＫ,70,,,,平成9年,ＲＣ,住宅,,,,,商業地域,80.0,500.0,2011年第2四半期,未改装,,6.698970004336019
32025104,中古マンション等,,32201,島根県,松江市,春日町,松江,30分?60分,４ＬＤＫ,90,,,,平成21年,ＲＣ,住宅,,,,,第２種中高層住居専用地域,60.0,200.0,2013年第3四半期,未改装,,7.431363764158987
32018915,中古マンション等,,32201,島根県,松江市,内中原町,松江しんじ湖温泉,9,５ＬＤＫ,105,,,,平成13年,ＲＣ,住宅,住宅,,,,商業地域,80.0,400.0,2015年第4四半期,未改装,,7.3979400086720375
32019003,中古マンション等,,32201,島根県,松江市,学園,松江,30分?60分,３ＬＤＫ,75,,,,平成16年,ＳＲＣ,住宅,住宅,,,,第２種住居地域,60.0,200.0,2015年第3四半期,未改装,,7.2552725051033065
32001192,中古マンション等,,32201,島根県,松江市,大輪町,松江,28,３ＬＤＫ,65,,,,平成9年,ＲＣ,住宅,住宅,,,,第１種住居地域,60.0,200.0,2016年第4四半期,改装済,,7.2552725051033065
32016189,中古マンション等,,32201,島根県,松江市,東津田町,松江,30分?60分,２ＬＤＫ＋Ｓ,65,,,,平成12年,ＳＲＣ,住宅,,,,,第１種住居地域,60.0,200.0,2011年第2四半期,未改装,,7.146128035678238
32019629,中古マンション等,,32201,島根県,松江市,西津田,松江,14,４ＬＤＫ,80,,,,平成6年,ＲＣ,住宅,住宅,,,,第１種住居地域,60.0,200.0,2015年第3四半期,未改装,,7.113943352306837
32028344,中古マンション等,,32201,島根県,松江市,浜乃木,乃木,4,３ＬＤＫ,65,,,,平成8年,ＲＣ,住宅,,,,,第１種住居地域,60.0,200.0,2009年第4四半期,未改装,,7.079181246047625
32000479,中古マンション等,,32201,島根県,松江市,学園,松江,29,３ＬＤＫ,65,,,,平成8年,ＲＣ,住宅,住宅,,,,第２種住居地域,60.0,200.0,2018年第1四半期,未改装,,7.146128035678238
32021770,中古マンション等,,32201,島根県,松江市,大輪町,松江,28,３ＬＤＫ,65,,,,平成9年,ＲＣ,住宅,,,,,第１種住居地域,60.0,200.0,2012年第1四半期,未改装,,7.146128035678238
32004099,中古マンション等,,32203,島根県,出雲市,駅南町,出雲市,4,３ＬＤＫ,65,,,,平成14年,ＲＣ,住宅,住宅,,,,商業地域,80.0,400.0,2020年第2四半期,,,7.146128035678238
32000756,中古マンション等,,32201,島根県,松江市,黒田町,松江しんじ湖温泉,15,２ＬＤＫ,65,,,,平成18年,,住宅,住宅,,,,第２種中高層住居専用地域,60.0,200.0,2019年第3四半期,未改装,,7.230448921378274
32019876,中古マンション等,,32201,島根県,松江市,東津田町,松江,30分?60分,３ＬＤＫ,70,,,,平成12年,ＳＲＣ,住宅,住宅,,,,第１種住居地域,60.0,200.0,2015年第2四半期,改装済,,7.230448921378274
32030780,中古マンション等,,32201,島根県,松江市,大輪町,,,４ＬＤＫ,80,,,,平成9年,ＲＣ,住宅,,,,,,,,2008年第4四半期,改装済,,7.176091259055681
32002279,中古マンション等,,32201,島根県,松江市,東茶町,松江,20,３ＬＤＫ,70,,,,平成9年,ＲＣ,住宅,住宅,,,,商業地域,80.0,500.0,2018年第4四半期,未改装,,7.204119982655925
32013502,中古マンション等,,32201,島根県,松江市,春日町,松江,30分?60分,３ＬＤＫ,70,,,,平成21年,ＲＣ,住宅,,,,,第２種中高層住居専用地域,60.0,200.0,2010年第3四半期,未改装,,7.2552725051033065
32021986,中古マンション等,,32201,島根県,松江市,浜乃木,乃木,5,３ＬＤＫ,65,,,,平成8年,ＲＣ,住宅,,,,,第１種住居地域,60.0,200.0,2012年第3四半期,未改装,,7.342422680822207
32001666,中古マンション等,,32201,島根県,松江市,西川津町,松江,30分?60分,３ＬＤＫ,70,,,,平成13年,ＲＣ,住宅,住宅,,,,第１種中高層住居専用地域,60.0,200.0,2016年第3四半期,改装済,,7.230448921378274
32000483,中古マンション等,,32201,島根県,松江市,学園,松江,30分?60分,３ＬＤＫ,70,,,,平成8年,ＲＣ,住宅,住宅,,,,第２種住居地域,60.0,200.0,2016年第3四半期,未改装,調停・競売等,7.113943352306837
32012980,中古マンション等,,32201,島根県,松江市,西津田,松江,15,４ＬＤＫ,75,,,,平成9年,ＲＣ,住宅,住宅,,,,第２種住居地域,60.0,200.0,2014年第4四半期,改装済,,7.176091259055681
32028154,中古マンション等,,32201,島根県,松江市,黒田町,松江,30分?60分,３ＬＤＫ,70,,,,平成13年,ＲＣ,住宅,,,,,近隣商業地域,80.0,200.0,2009年第1四半期,未改装,,7.176091259055681
32025190,中古マンション等,,32201,島根県,松江市,黒田町,松江,30分?60分,３ＬＤＫ,80,,,,平成20年,ＲＣ,住宅,,,,,近隣商業地域,80.0,200.0,2013年第4四半期,未改装,,7.342422680822207
32018993,中古マンション等,,32201,島根県,松江市,奥谷町,松江,30分?60分,３ＬＤＫ,60,,,,平成3年,ＲＣ,住宅,住宅,,,,第１種中高層住居専用地域,60.0,200.0,2015年第3四半期,未改装,,7.079181246047625
32000467,中古マンション等,,32201,島根県,松江市,学園,松江,30分?60分,４ＬＤＫ,75,,,,平成7年,ＲＣ,住宅,住宅,,,,第１種中高層住居専用地域,60.0,200.0,2020年第2四半期,改装済,,7.230448921378274
32001938,中古マンション等,,32201,島根県,松江市,浜乃木,乃木,5,４ＬＤＫ,95,,,,平成8年,ＲＣ,住宅,住宅,,,,第１種住居地域,60.0,200.0,2021年第1四半期,未改装,,7.301029995663981
32012738,中古マンション等,,32201,島根県,松江市,学園,松江,23,３ＬＤＫ,80,,,,平成14年,ＳＲＣ,住宅,,,,,第２種住居地域,60.0,200.0,2014年第2四半期,未改装,,7.176091259055681
32025781,中古マンション等,,32201,島根県,松江市,東茶町,松江,19,２ＬＤＫ,55,,,,平成9年,ＲＣ,住宅,,,,,商業地域,80.0,500.0,2013年第1四半期,未改装,,7.176091259055681
32000474,中古マンション等,,32201,島根県,松江市,学園,松江,30分?60分,４ＬＤＫ,70,,,,平成7年,ＲＣ,,住宅,,,,第２種中高層住居専用地域,60.0,200.0,2019年第1四半期,未改装,,7.230448921378274
32031171,中古マンション等,,32201,島根県,松江市,東津田町,松江,30分?60分,４ＬＤＫ,85,,,,平成12年,ＳＲＣ,住宅,,,,,第１種住居地域,60.0,200.0,2008年第2四半期,未改装,,7.230448921378274
32001971,中古マンション等,,32201,島根県,松江市,浜乃木,乃木,4,４ＬＤＫ,85,,,,平成15年,ＲＣ,住宅,住宅,,,,準工業地域,60.0,200.0,2017年第2四半期,未改装,,7.3222192947339195
32004554,中古マンション等,,32203,島根県,出雲市,小山町,出雲市,30分?60分,３ＬＤＫ,70,,,,平成14年,ＳＲＣ,住宅,住宅,,,,第１種住居地域,60.0,200.0,2020年第1四半期,未改装,,7.278753600952829
32019757,中古マンション等,,32201,島根県,松江市,東朝日町,松江,10,４ＬＤＫ,90,,,,平成15年,ＲＣ,住宅,住宅,,,,準工業地域,60.0,200.0,2015年第2四半期,未改装,,7.380211241711606
32021748,中古マンション等,,32201,島根県,松江市,袖師町,松江,19,４ＬＤＫ,85,,,,平成12年,ＳＲＣ,住宅,,,,,商業地域,80.0,400.0,2012年第2四半期,未改装,,7.342422680822207
32004546,中古マンション等,,32203,島根県,出雲市,小山町,出雲市,30分?60分,３ＬＤＫ,70,,,,平成14年,ＳＲＣ,住宅,住宅,,,,第１種住居地域,60.0,200.0,2020年第3四半期,改装済,,7.204119982655925
32030425,中古マンション等,,32201,島根県,松江市,学園,松江,30分?60分,４ＬＤＫ,80,,,,平成7年,ＲＣ,住宅,,,,,第２種中高層住居専用地域,60.0,200.0,2007年第4四半期,未改装,,7.176091259055681
32025383,中古マンション等,,32201,島根県,松江市,大輪町,松江,28,３ＬＤＫ,75,,,,平成19年,ＲＣ,住宅,,,,,第１種住居地域,60.0,200.0,2013年第4四半期,未改装,,7.230448921378274
32025008,中古マンション等,,32201,島根県,松江市,学園南,松江,15,,65,,,,,ＲＣ,住宅,,,,,第２種住居地域,60.0,200.0,2013年第3四半期,未改装,,7.0
32013507,中古マンション等,,32201,島根県,松江市,春日町,松江,30分?60分,４ＬＤＫ,90,,,,平成21年,ＲＣ,住宅,,,,,第２種中高層住居専用地域,60.0,200.0,2010年第2四半期,未改装,,7.380211241711606
32028075,中古マンション等,,32201,島根県,松江市,学園,松江,30分?60分,３ＬＤＫ,75,,,,平成16年,ＳＲＣ,住宅,,,,,第２種中高層住居専用地域,60.0,200.0,2009年第3四半期,未改装,調停・競売等,7.146128035678238
32004288,中古マンション等,,32203,島根県,出雲市,大津朝倉,出雲市,25,２ＬＤＫ,90,,,,平成27年,ＲＣ,住宅,住宅,,,,第１種住居地域,60.0,200.0,2017年第4四半期,未改装,,7.556302500767287
32000024,中古マンション等,,32201,島根県,松江市,上乃木,乃木,28,３ＬＤＫ,75,,,,平成27年,ＲＣ,住宅,住宅,,,,第１種中高層住居専用地域,60.0,200.0,2020年第3四半期,,,7.3979400086720375
32002022,中古マンション等,,32201,島根県,松江市,東朝日町,松江,6,４ＬＤＫ,80,,,,平成14年,ＳＲＣ,住宅,住宅,,,,商業地域,80.0,400.0,2016年第4四半期,改装済,,7.3222192947339195
32000462,中古マンション等,,32201,島根県,松江市,学園,松江,30分?60分,２ＬＤＫ,65,,,,平成8年,ＲＣ,,,,,,第２種住居地域,60.0,200.0,2020年第4四半期,改装済,,7.230448921378274
32021747,中古マンション等,,32201,島根県,松江市,袖師町,松江,21,３ＬＤＫ,70,,,,平成12年,ＳＲＣ,住宅,,,,,商業地域,80.0,400.0,2012年第4四半期,未改装,,7.176091259055681
32019092,中古マンション等,,32201,島根県,松江市,春日町,松江,30分?60分,２ＬＤＫ,65,,,,平成18年,ＲＣ,住宅,,,,,第２種中高層住居専用地域,60.0,200.0,2015年第1四半期,未改装,,7.041392685158225
32021825,中古マンション等,,32201,島根県,松江市,寺町,松江,6,３ＬＤＫ,65,,,,平成13年,ＳＲＣ,住宅,,,,,商業地域,80.0,400.0,2012年第4四半期,未改装,,7.204119982655925
32030420,中古マンション等,,32201,島根県,松江市,学園,松江,,３ＬＤＫ,70,,,,平成7年,ＲＣ,住宅,,,,,第２種住居地域,60.0,200.0,2008年第4四半期,未改装,,7.113943352306837
32018828,中古マンション等,,32201,島根県,松江市,上乃木,乃木,12,４ＬＤＫ,85,,,,平成18年,ＲＣ,住宅,住宅,,,,第２種住居地域,60.0,200.0,2015年第3四半期,改装済,,7.414973347970818
32028352,中古マンション等,,32201,島根県,松江市,浜乃木,乃木,5,３ＬＤＫ,65,,,,平成8年,ＲＣ,住宅,,,,,第１種住居地域,60.0,200.0,2009年第2四半期,改装済,,6.977723605288848
32025009,中古マンション等,,32201,島根県,松江市,学園南,松江,15,オープンフロア,60,,,,平成12年,ＳＲＣ,事務所,,,,,第２種中高層住居専用地域,60.0,200.0,2013年第1四半期,未改装,,7.0
32019586,中古マンション等,,32201,島根県,松江市,西川津町,松江,28,３ＬＤＫ,60,,,,平成3年,ＲＣ,住宅,住宅,,,,第１種住居地域,60.0,200.0,2015年第1四半期,改装済,,6.812913356642856
32012760,中古マンション等,,32201,島根県,松江市,春日町,松江しんじ湖温泉,30分?60分,３ＬＤＫ,75,,,,平成18年,ＲＣ,住宅,,,,,第２種中高層住居専用地域,60.0,200.0,2014年第3四半期,未改装,,7.204119982655925
32000604,中古マンション等,,32201,島根県,松江市,春日町,松江しんじ湖温泉,25,３ＬＤＫ,90,,,,平成17年,ＲＣ,住宅,住宅,,,,第２種住居地域,60.0,200.0,2020年第4四半期,,,7.176091259055681
32030551,中古マンション等,,32201,島根県,松江市,黒田町,松江,30分?60分,３ＬＤＫ,75,,,,戦前,ＲＣ,住宅,,,,,第２種住居地域,60.0,200.0,2008年第1四半期,未改装,,7.2552725051033065
32000605,中古マンション等,,32201,島根県,松江市,春日町,松江しんじ湖温泉,30分?60分,３ＬＤＫ,75,,,,平成18年,ＲＣ,,住宅,,,,第２種中高層住居専用地域,60.0,200.0,2018年第3四半期,未改装,,7.2552725051033065
32021238,中古マンション等,,32201,島根県,松江市,学園,松江,26,３ＬＤＫ,60,,,,平成7年,ＲＣ,住宅,,,,,第２種中高層住居専用地域,60.0,200.0,2012年第1四半期,未改装,調停・競売等,7.079181246047625
32001721,中古マンション等,,32201,島根県,松江市,西津田,松江,20,３ＬＤＫ,60,,,,平成4年,ＲＣ,住宅,住宅,,,,第１種住居地域,60.0,200.0,2018年第3四半期,未改装,,6.977723605288848
32001618,中古マンション等,,32201,島根県,松江市,西川津町,松江,30分?60分,４ＬＤＫ,85,,,,平成13年,ＲＣ,住宅,住宅,,,,第１種中高層住居専用地域,60.0,200.0,2019年第2四半期,未改装,,7.2552725051033065
32014866,中古マンション等,,32203,島根県,出雲市,今市町北本町,出雲市,,２ＬＤＫ,65,,,,平成21年,ＲＣ,住宅,,,,,,,,2010年第1四半期,未改装,,7.278753600952829
32031060,中古マンション等,,32201,島根県,松江市,浜乃木,乃木,8,３ＬＤＫ,70,,,,平成15年,ＲＣ,住宅,,,,,準工業地域,60.0,200.0,2008年第1四半期,未改装,,7.204119982655925
32000722,中古マンション等,,32201,島根県,松江市,黒田町,松江,30分?60分,４ＬＤＫ,95,,,,,ＲＣ,,住宅,,,,第２種住居地域,60.0,200.0,2020年第2四半期,改装済,,7.447158031342219
32012734,中古マンション等,,32201,島根県,松江市,学園,松江,29,３ＬＤＫ,60,,,,平成7年,ＲＣ,住宅,住宅,,,,第２種中高層住居専用地域,60.0,200.0,2014年第4四半期,未改装,,7.113943352306837
32019584,中古マンション等,,32201,島根県,松江市,西川津町,松江,30分?60分,４ＬＤＫ,70,,,,平成13年,ＲＣ,住宅,住宅,,,,第１種中高層住居専用地域,60.0,200.0,2015年第1四半期,改装済,,7.113943352306837
32031020,中古マンション等,,32201,島根県,松江市,西津田,,,４ＬＤＫ,80,,,,平成6年,ＲＣ,住宅,,,,,,,,2008年第4四半期,未改装,,6.845098040014257
32013501,中古マンション等,,32201,島根県,松江市,春日町,松江,30分?60分,３ＬＤＫ,70,,,,平成21年,ＲＣ,住宅,,,,,第２種中高層住居専用地域,60.0,200.0,2010年第3四半期,未改装,,7.2552725051033065
32012899,中古マンション等,,32201,島根県,松江市,大輪町,松江,29,４ＬＤＫ,95,,,,平成9年,ＲＣ,住宅,,,,,第１種住居地域,60.0,200.0,2014年第1四半期,未改装,,7.278753600952829
32001956,中古マンション等,,32201,島根県,松江市,浜乃木,乃木,6,３ＬＤＫ,75,,,,平成15年,ＲＣ,住宅,住宅,,,,第２種住居地域,60.0,200.0,2019年第1四半期,未改装,,7.278753600952829
32000723,中古マンション等,,32201,島根県,松江市,黒田町,松江,30分?60分,２ＬＤＫ,70,,,,平成18年,ＳＲＣ,住宅,住宅,,,,第２種中高層住居専用地域,60.0,200.0,2020年第2四半期,未改装,,7.204119982655925
32025624,中古マンション等,,32201,島根県,松江市,浜乃木,乃木,3,３ＬＤＫ,75,,,,平成2年,ＲＣ,住宅,,,,,第２種住居地域,60.0,200.0,2013年第2四半期,未改装,,7.230448921378274
32013130,中古マンション等,,32201,島根県,松江市,東茶町,松江,20,２ＬＤＫ,55,,,,平成9年,ＲＣ,住宅,住宅,,,,商業地域,80.0,500.0,2014年第2四半期,未改装,,7.146128035678238
32001189,中古マンション等,,32201,島根県,松江市,大輪町,松江,30分?60分,３ＬＤＫ,70,,,,平成9年,ＲＣ,住宅,住宅,,,,第１種住居地域,60.0,200.0,2018年第1四半期,改装済,,7.230448921378274
32030826,中古マンション等,,32201,島根県,松江市,千鳥町,松江しんじ湖温泉,3,３ＬＤＫ,65,,,,平成7年,ＲＣ,住宅,,,,,商業地域,80.0,400.0,2008年第1四半期,未改装,,7.146128035678238
32013702,中古マンション等,,32201,島根県,松江市,袖師町,松江,21,３ＬＤＫ,70,,,,平成12年,ＳＲＣ,住宅,,,,,商業地域,80.0,400.0,2010年第3四半期,,調停・競売等,7.0
32028362,中古マンション等,,32201,島根県,松江市,浜乃木,,,３ＬＤＫ,65,,,,平成8年,ＲＣ,住宅,,,,,,,,2009年第2四半期,改装済,,6.977723605288848
32000578,中古マンション等,,32201,島根県,松江市,春日町,松江,30分?60分,３ＬＤＫ,85,,,,平成21年,ＲＣ,住宅,住宅,,,,第２種中高層住居専用地域,60.0,200.0,2020年第1四半期,改装済,,7.301029995663981
32030961,中古マンション等,,32201,島根県,松江市,西川津町,松江,30分?60分,３ＬＤＫ,65,,,,平成13年,ＲＣ,住宅,,,,,第１種中高層住居専用地域,60.0,200.0,2008年第2四半期,未改装,,7.146128035678238
32026284,中古マンション等,,32203,島根県,出雲市,今市町北本町,出雲市,11,３ＬＤＫ,80,,,,平成21年,ＲＣ,住宅,,,,,商業地域,80.0,400.0,2013年第3四半期,未改装,,7.146128035678238
32000574,中古マンション等,,32201,島根県,松江市,春日町,松江,30分?60分,３ＬＤＫ,85,,,,平成21年,ＲＣ,住宅,住宅,,,,第２種中高層住居専用地域,60.0,200.0,2020年第4四半期,未改装,,7.342422680822207
32015730,中古マンション等,,32201,島根県,松江市,西川津町,松江,30分?60分,４ＬＤＫ,90,,,,平成13年,ＲＣ,住宅,,,,,第１種中高層住居専用地域,60.0,200.0,2011年第3四半期,改装済,,7.301029995663981
32012987,中古マンション等,,32201,島根県,松江市,西津田,松江,13,３ＬＤＫ,65,,,,平成6年,ＲＣ,住宅,住宅,,,,第１種住居地域,60.0,200.0,2014年第3四半期,未改装,,7.041392685158225
32012969,中古マンション等,,32201,島根県,松江市,西川津町,松江,28,３ＬＤＫ,60,,,,平成2年,ＲＣ,住宅,住宅,,,,第１種住居地域,60.0,200.0,2014年第2四半期,改装済,,6.954242509439325
32023039,中古マンション等,,32203,島根県,出雲市,駅南町,出雲市,4,３ＬＤＫ,65,,,,平成14年,ＲＣ,住宅,,,,,商業地域,80.0,400.0,2012年第3四半期,未改装,,7.146128035678238
32013508,中古マンション等,,32201,島根県,松江市,春日町,松江,30分?60分,３ＬＤＫ,70,,,,平成21年,ＲＣ,住宅,,,,,第２種中高層住居専用地域,60.0,200.0,2010年第2四半期,未改装,,7.278753600952829
32012999,中古マンション等,,32201,島根県,松江市,西津田,松江,15,３ＬＤＫ,65,,,,平成9年,ＲＣ,住宅,,,,,第２種住居地域,60.0,200.0,2014年第1四半期,改装済,,7.113943352306837
32019004,中古マンション等,,32201,島根県,松江市,学園,松江,29,３ＬＤＫ,70,,,,平成7年,ＲＣ,住宅,住宅,,,,第２種中高層住居専用地域,60.0,200.0,2015年第3四半期,未改装,,7.146128035678238
32019408,中古マンション等,,32201,島根県,松江市,大輪町,松江,26,３ＬＤＫ,75,,,,平成19年,ＲＣ,住宅,住宅,,,,第１種住居地域,60.0,200.0,2015年第1四半期,未改装,,7.3979400086720375
32000637,中古マンション等,,32201,島根県,松江市,北田町,松江,20,３ＬＤＫ,80,,,,平成29年,ＲＣ,住宅,住宅,,,,第２種中高層住居専用地域,60.0,200.0,2021年第1四半期,未改装,,7.414973347970818
32015729,中古マンション等,,32201,島根県,松江市,西川津町,松江,23,３ＬＤＫ,60,,,,平成2年,ＲＣ,住宅,,,,,第１種住居地域,60.0,200.0,2011年第3四半期,改装済,,6.880813592280791
32031061,中古マンション等,,32201,島根県,松江市,浜乃木,乃木,7,３ＬＤＫ,70,,,,平成11年,ＳＲＣ,住宅,,,,,第１種住居地域,60.0,200.0,2007年第3四半期,改装済,,7.113943352306837
32015797,中古マンション等,,32201,島根県,松江市,西津田,松江,21,３ＬＤＫ,65,,,,平成15年,ＳＲＣ,住宅,,,,,準工業地域,60.0,200.0,2011年第2四半期,未改装,,7.176091259055681
32025384,中古マンション等,,32201,島根県,松江市,大輪町,松江,30分?60分,３ＬＤＫ,65,,,,平成9年,ＲＣ,住宅,,,,,第１種住居地域,60.0,200.0,2013年第1四半期,未改装,,7.204119982655925
32000655,中古マンション等,,32201,島根県,松江市,北田町,松江,21,３ＬＤＫ,70,,,,平成8年,ＲＣ,住宅,住宅,,,,第１種住居地域,60.0,200.0,2016年第3四半期,未改装,,6.977723605288848
32013512,中古マンション等,,32201,島根県,松江市,春日町,松江,30分?60分,３ＬＤＫ,70,,,,平成21年,ＲＣ,住宅,,,,,第２種中高層住居専用地域,60.0,200.0,2010年第2四半期,未改装,,7.2552725051033065
32004069,中古マンション等,,32203,島根県,出雲市,今市町北本町,出雲市,12,３ＬＤＫ,70,,,,平成21年,ＲＣ,住宅,住宅,,,,商業地域,80.0,400.0,2017年第3四半期,未改装,,7.380211241711606
32001692,中古マンション等,,32201,島根県,松江市,西津田,松江,30分?60分,３ＬＤＫ,85,,,,平成25年,ＲＣ,住宅,住宅,,,,第２種中高層住居専用地域,60.0,200.0,2020年第4四半期,未改装,,7.342422680822207
32001965,中古マンション等,,32201,島根県,松江市,浜乃木,乃木,6,３ＬＤＫ,75,,,,平成15年,ＲＣ,,住宅,,,,第２種住居地域,60.0,200.0,2018年第2四半期,改装済,,7.3222192947339195
32019394,中古マンション等,,32201,島根県,松江市,袖師町,松江,23,３ＬＤＫ,70,,,,平成12年,ＳＲＣ,住宅,住宅,,,,商業地域,80.0,400.0,2015年第4四半期,未改装,,7.146128035678238
32015568,中古マンション等,,32201,島根県,松江市,大輪町,松江,28,３ＬＤＫ,70,,,,平成19年,ＲＣ,住宅,,,,,第１種住居地域,60.0,200.0,2011年第4四半期,未改装,,7.342422680822207
32000476,中古マンション等,,32201,島根県,松江市,学園,松江,30分?60分,３ＬＤＫ,70,,,,平成16年,ＳＲＣ,住宅,住宅,,,,第２種住居地域,60.0,200.0,2018年第2四半期,未改装,,7.2552725051033065
32019630,中古マンション等,,32201,島根県,松江市,西津田,松江,21,４ＬＤＫ,75,,,,平成15年,ＳＲＣ,住宅,住宅,,,,準工業地域,60.0,200.0,2015年第3四半期,未改装,,7.230448921378274
32001486,中古マンション等,,32201,島根県,松江市,寺町,松江,5,４ＬＤＫ,80,,,,平成13年,ＳＲＣ,住宅,住宅,,,,第２種住居地域,80.0,400.0,2020年第1四半期,,,7.342422680822207
32013717,中古マンション等,,32201,島根県,松江市,大輪町,,,４ＬＤＫ,80,,,,平成9年,ＲＣ,住宅,,,,,第１種住居地域,60.0,200.0,2010年第1四半期,,,7.176091259055681
32001187,中古マンション等,,32201,島根県,松江市,大輪町,松江,30分?60分,３ＬＤＫ,65,,,,平成9年,ＳＲＣ,住宅,住宅,,,,第１種住居地域,60.0,200.0,2018年第3四半期,未改装,,7.146128035678238
32028367,中古マンション等,,32201,島根県,松江市,東朝日町,松江,9,３ＬＤＫ,75,,,,平成15年,ＲＣ,住宅,,,,,準工業地域,60.0,200.0,2009年第4四半期,改装済,,7.204119982655925
32028110,中古マンション等,,32201,島根県,松江市,春日町,松江,30分?60分,４ＬＤＫ,90,,,,平成21年,ＲＣ,住宅,,,,,第２種中高層住居専用地域,60.0,200.0,2009年第3四半期,未改装,,7.4623979978989565
32030963,中古マンション等,,32201,島根県,松江市,西川津町,松江,26,３ＬＤＫ,60,,,,平成2年,ＲＣ,住宅,,,,,第１種住居地域,60.0,200.0,2008年第2四半期,改装済,,6.770852011642144
32013582,中古マンション等,,32203,島根県,出雲市,今市町,出雲市,5,３ＬＤＫ,85,,,,平成19年,ＲＣ,住宅,住宅,,,,商業地域,80.0,400.0,2014年第3四半期,未改装,,7.380211241711606
32013039,中古マンション等,,32201,島根県,松江市,浜乃木,乃木,6,４ＬＤＫ,80,,,,平成11年,ＳＲＣ,住宅,住宅,,,,第１種住居地域,60.0,200.0,2014年第3四半期,未改装,,7.230448921378274
32019406,中古マンション等,,32201,島根県,松江市,大輪町,松江,28,３ＬＤＫ,65,,,,平成9年,ＲＣ,住宅,住宅,,,,第１種住居地域,60.0,200.0,2015年第1四半期,改装済,,7.079181246047625
32013051,中古マンション等,,32201,島根県,松江市,東朝日町,松江,13,３ＬＤＫ,70,,,,平成15年,ＲＣ,住宅,住宅,,,,準工業地域,60.0,200.0,2014年第2四半期,未改装,,7.278753600952829
32001592,中古マンション等,,32201,島根県,松江市,西川津町,松江,25,２ＬＤＫ,60,,,,平成2年,ＲＣ,住宅,住宅,,,,第１種中高層住居専用地域,60.0,200.0,2020年第4四半期,改装済,,6.8750612633917
32031077,中古マンション等,,32201,島根県,松江市,東朝日町,松江,16,３ＬＤＫ,70,,,,平成14年,ＲＣ,住宅,,,,,第２種住居地域,60.0,200.0,2008年第3四半期,未改装,,7.301029995663981
32002020,中古マンション等,,32201,島根県,松江市,東朝日町,松江,10,３ＬＤＫ,70,,,,平成15年,ＲＣ,住宅,住宅,,,,準工業地域,60.0,200.0,2017年第1四半期,未改装,,7.301029995663981
32028785,中古マンション等,,32203,島根県,出雲市,駅南町,出雲市,3,３ＬＤＫ,65,,,,平成14年,ＲＣ,住宅,,,,,商業地域,80.0,400.0,2009年第3四半期,未改装,,6.977723605288848
32030490,中古マンション等,,32201,島根県,松江市,春日町,松江,30分?60分,２ＬＤＫ,65,,,,平成18年,ＲＣ,住宅,,,,,第２種中高層住居専用地域,60.0,200.0,2007年第2四半期,未改装,,7.230448921378274
32001963,中古マンション等,,32201,島根県,松江市,浜乃木,乃木,9,３ＬＤＫ,75,,,,平成16年,ＲＣ,住宅,住宅,,,,第２種住居地域,60.0,200.0,2018年第3四半期,未改装,,7.301029995663981
32012893,中古マンション等,,32201,島根県,松江市,外中原町,松江,30分?60分,３ＬＤＫ,70,,,,平成14年,ＳＲＣ,住宅,,,,,第１種住居地域,60.0,200.0,2014年第1四半期,未改装,,7.204119982655925
32012986,中古マンション等,,32201,島根県,松江市,西津田,松江,12,３ＬＤＫ,65,,,,平成4年,ＲＣ,住宅,住宅,,,,第１種住居地域,60.0,200.0,2014年第3四半期,改装済,,7.041392685158225
32012965,中古マンション等,,32201,島根県,松江市,西川津町,松江,26,３ＬＤＫ,60,,,,平成2年,ＲＣ,住宅,住宅,,,,第１種住居地域,60.0,200.0,2014年第3四半期,,,6.778151250383644
32000472,中古マンション等,,32201,島根県,松江市,学園,松江,24,３ＬＤＫ,75,,,,平成14年,ＳＲＣ,住宅,住宅,,,,第２種住居地域,60.0,200.0,2019年第3四半期,未改装,,7.230448921378274
32001191,中古マンション等,,32201,島根県,松江市,大輪町,松江,30分?60分,４ＬＤＫ,85,,,,,ＲＣ,住宅,住宅,,,,第１種住居地域,,,2017年第1四半期,未改装,,7.361727836017593
32001961,中古マンション等,,32201,島根県,松江市,浜乃木,乃木,4,３ＬＤＫ,70,,,,平成15年,ＲＣ,住宅,住宅,,,,準工業地域,60.0,200.0,2018年第4四半期,未改装,,7.230448921378274
32021751,中古マンション等,,32201,島根県,松江市,外中原町,松江,30分?60分,２ＬＤＫ,65,,,,平成14年,ＳＲＣ,住宅,,,,,第１種住居地域,60.0,200.0,2012年第4四半期,未改装,,7.146128035678238
32020728,中古マンション等,,32203,島根県,出雲市,今市町,出雲市,4,３ＬＤＫ,70,,,,平成19年,ＲＣ,住宅,住宅,,,,商業地域,80.0,400.0,2015年第4四半期,改装済,,7.204119982655925
32012733,中古マンション等,,32201,島根県,松江市,学園,松江,23,３ＬＤＫ,65,,,,平成8年,ＲＣ,住宅,住宅,,,,第２種住居地域,60.0,200.0,2014年第4四半期,改装済,,7.146128035678238
32000303,中古マンション等,,32201,島根県,松江市,内中原町,松江しんじ湖温泉,11,３ＬＤＫ,95,,,,平成18年,,,住宅,,,,第１種中高層住居専用地域,60.0,200.0,2017年第3四半期,未改装,,7.361727836017593
32001703,中古マンション等,,32201,島根県,松江市,西津田,松江,13,３ＬＤＫ,65,,,,平成4年,ＲＣ,住宅,住宅,,,,第１種住居地域,60.0,200.0,2019年第3四半期,未改装,,6.977723605288848
32019631,中古マンション等,,32201,島根県,松江市,西津田,松江,21,４ＬＤＫ,80,,,,平成15年,ＳＲＣ,住宅,住宅,,,,準工業地域,60.0,200.0,2015年第3四半期,未改装,,7.176091259055681
32001160,中古マンション等,,32201,島根県,松江市,袖師町,松江,21,２ＬＤＫ,70,,,,平成12年,ＳＲＣ,,住宅,,,,商業地域,80.0,400.0,2020年第1四半期,未改装,,7.230448921378274
32001181,中古マンション等,,32201,島根県,松江市,大正町,松江,3,３ＬＤＫ,70,,,,平成13年,ＳＲＣ,住宅,住宅,,,,商業地域,80.0,400.0,2019年第3四半期,未改装,,7.2552725051033065
32030981,中古マンション等,,32201,島根県,松江市,西川津町,,,３ＬＤＫ,65,,,,平成12年,ＲＣ,住宅,,,,,,,,2008年第4四半期,,調停・競売等,6.785329835010767
32015129,中古マンション等,,32201,島根県,松江市,学園,松江,29,３ＬＤＫ,60,,,,平成7年,ＲＣ,住宅,,,,,第２種住居地域,60.0,200.0,2011年第4四半期,未改装,,6.973127853599698
32012970,中古マンション等,,32201,島根県,松江市,西川津町,松江,30分?60分,３ＬＤＫ,75,,,,平成13年,ＲＣ,住宅,住宅,,,,第１種中高層住居専用地域,60.0,200.0,2014年第2四半期,改装済,,7.176091259055681
32015290,中古マンション等,,32201,島根県,松江市,黒田町,松江,30分?60分,３ＬＤＫ,70,,,,平成13年,ＲＣ,住宅,,,,,近隣商業地域,80.0,200.0,2011年第1四半期,未改装,,7.230448921378274
32025113,中古マンション等,,32201,島根県,松江市,春日町,松江,30分?60分,４ＬＤＫ,90,,,,平成17年,ＲＣ,住宅,,,,,第２種中高層住居専用地域,60.0,200.0,2013年第1四半期,未改装,,7.2552725051033065
32018995,中古マンション等,,32201,島根県,松江市,奥谷町,松江,30分?60分,,55,,,,平成3年,ＲＣ,住宅,住宅,,,,第１種中高層住居専用地域,60.0,200.0,2015年第3四半期,改装済,,6.968482948553935
32030485,中古マンション等,,32201,島根県,松江市,春日町,松江,30分?60分,３ＬＤＫ,95,,,,平成17年,ＲＣ,住宅,,,,,第２種住居地域,60.0,200.0,2008年第3四半期,改装済,,7.3222192947339195
32000647,中古マンション等,,32201,島根県,松江市,北田町,松江,23,１ＬＤＫ,50,,,,昭和64年,ＳＲＣ,住宅,住宅,,,,近隣商業地域,80.0,200.0,2019年第2四半期,改装済,,6.778151250383644
32001966,中古マンション等,,32201,島根県,松江市,浜乃木,乃木,6,２ＬＤＫ,65,,,,平成11年,ＳＲＣ,住宅,住宅,,,,第１種住居地域,60.0,200.0,2018年第2四半期,未改装,,7.204119982655925
32000468,中古マンション等,,32201,島根県,松江市,学園,松江,30分?60分,３ＬＤＫ,75,,,,,,,住宅,,,,第２種住居地域,,,2020年第1四半期,未改装,,7.342422680822207
32001946,中古マンション等,,32201,島根県,松江市,浜乃木,乃木,3,３ＬＤＫ,90,,,,平成2年,ＲＣ,住宅,住宅,,,,第２種住居地域,60.0,200.0,2020年第4四半期,改装済,,7.0
32031003,中古マンション等,,32201,島根県,松江市,西津田,松江,21,４ＬＤＫ,80,,,,平成15年,ＳＲＣ,住宅,,,,,準工業地域,60.0,200.0,2008年第2四半期,,調停・競売等,7.176091259055681
32019165,中古マンション等,,32201,島根県,松江市,黒田町,松江しんじ湖温泉,15,２ＬＤＫ,65,,,,平成18年,ＳＲＣ,住宅,住宅,,,,第２種中高層住居専用地域,60.0,200.0,2015年第3四半期,未改装,,7.2552725051033065
32002358,中古マンション等,,32201,島根県,松江市,東津田町,松江,30分?60分,３ＬＤＫ,65,,,,平成12年,,住宅,住宅,,,,第１種住居地域,60.0,200.0,2017年第4四半期,未改装,,7.079181246047625
32000497,中古マンション等,,32201,島根県,松江市,学園南,松江,16,３ＬＤＫ,65,,,,平成5年,ＲＣ,住宅,住宅,,,,第１種住居地域,60.0,200.0,2016年第2四半期,未改装,,7.079181246047625
32000581,中古マンション等,,32201,島根県,松江市,春日町,松江,30分?60分,４ＬＤＫ,85,,,,平成21年,ＲＣ,,住宅,,,,第２種中高層住居専用地域,60.0,200.0,2019年第1四半期,未改装,,7.380211241711606
32001302,中古マンション等,,32201,島根県,松江市,玉湯町湯町,玉造温泉,13,２ＬＤＫ,50,,,,平成28年,ＲＣ,住宅,その他,,,,商業地域,80.0,400.0,2020年第3四半期,改装済,,6.832508912706237
32013952,中古マンション等,,32201,島根県,松江市,浜乃木,乃木,5,３ＬＤＫ,80,,,,平成11年,ＳＲＣ,住宅,,,,,第１種住居地域,60.0,200.0,2010年第2四半期,未改装,調停・競売等,6.977723605288848
32013841,中古マンション等,,32201,島根県,松江市,西川津町,松江,26,３ＬＤＫ,60,,,,平成3年,ＲＣ,住宅,,,,,第１種住居地域,60.0,200.0,2010年第2四半期,未改装,,6.748188027006201
32030431,中古マンション等,,32201,島根県,松江市,学園,松江,28,３ＬＤＫ,65,,,,平成7年,ＲＣ,住宅,,,,,第２種中高層住居専用地域,60.0,200.0,2007年第2四半期,改装済,,7.146128035678238
32025000,中古マンション等,,32201,島根県,松江市,学園,松江,23,２ＬＤＫ,75,,,,平成13年,ＳＲＣ,住宅,,,,,第２種住居地域,60.0,200.0,2013年第3四半期,未改装,,7.230448921378274
32020759,中古マンション等,,32203,島根県,出雲市,今市町北本町,出雲市,11,２ＬＤＫ,65,,,,平成21年,ＲＣ,住宅,住宅,,,,商業地域,,,2015年第2四半期,未改装,,7.204119982655925
32000477,中古マンション等,,32201,島根県,松江市,学園,松江,28,４ＬＤＫ,70,,,,平成7年,ＲＣ,住宅,住宅,,,,第２種中高層住居専用地域,60.0,200.0,2018年第2四半期,未改装,,7.176091259055681
32028252,中古マンション等,,32201,島根県,松江市,大輪町,松江,28,４ＬＤＫ,85,,,,平成8年,ＲＣ,住宅,,,,,第１種住居地域,60.0,200.0,2009年第4四半期,未改装,調停・競売等,6.991226075692495
32028301,中古マンション等,,32201,島根県,松江市,西川津町,松江,24,３ＬＤＫ,65,,,,平成12年,ＲＣ,住宅,,,,,第１種住居地域,60.0,200.0,2009年第3四半期,未改装,,7.041392685158225
32013833,中古マンション等,,32201,島根県,松江市,西川津町,松江,24,３ＬＤＫ,60,,,,平成2年,ＲＣ,住宅,,,,,第１種住居地域,60.0,200.0,2010年第4四半期,改装済,,6.6020599913279625
32028749,中古マンション等,,32203,島根県,出雲市,今市町,出雲市,5,３ＬＤＫ,80,,,,,ＲＣ,住宅,,,,,市街化区域及び市街化調整区域外の都市計画区域,,,2009年第3四半期,未改装,,7.3222192947339195
32001510,中古マンション等,,32201,島根県,松江市,殿町,松江,23,４ＬＤＫ,100,,,,平成19年,ＳＲＣ,住宅,住宅,,,,商業地域,80.0,500.0,2020年第1四半期,未改装,,7.447158031342219
32000759,中古マンション等,,32201,島根県,松江市,黒田町,松江しんじ湖温泉,12,３ＬＤＫ,100,,,,平成20年,ＲＣ,住宅,住宅,,,,近隣商業地域,80.0,200.0,2017年第1四半期,未改装,,7.447158031342219
32000036,中古マンション等,,32201,島根県,松江市,上乃木,乃木,11,３ＬＤＫ,85,,,,平成18年,ＲＣ,住宅,住宅,,,,第２種住居地域,60.0,200.0,2018年第4四半期,改装済,,7.3979400086720375
32000466,中古マンション等,,32201,島根県,松江市,学園,松江,30分?60分,３ＬＤＫ,70,,,,平成7年,ＲＣ,住宅,住宅,,,,第２種中高層住居専用地域,60.0,200.0,2020年第2四半期,未改装,,7.204119982655925
32001749,中古マンション等,,32201,島根県,松江市,西津田,松江,14,３ＬＤＫ,65,,,,平成9年,ＲＣ,住宅,その他,,,,第２種住居地域,60.0,200.0,2016年第2四半期,改装済,,7.079181246047625
32021987,中古マンション等,,32201,島根県,松江市,浜乃木,乃木,6,３ＬＤＫ,75,,,,平成15年,ＲＣ,住宅,,,,,第２種住居地域,60.0,200.0,2012年第2四半期,未改装,,7.0
32001619,中古マンション等,,32201,島根県,松江市,西川津町,松江,26,３ＬＤＫ,60,,,,,,,住宅,,,,第１種住居地域,60.0,200.0,2019年第2四半期,未改装,,6.7923916894982534
32000464,中古マンション等,,32201,島根県,松江市,学園,松江,28,３ＬＤＫ,70,,,,平成7年,ＲＣ,住宅,住宅,,,,第２種中高層住居専用地域,60.0,200.0,2020年第4四半期,未改装,,7.176091259055681
32000640,中古マンション等,,32201,島根県,松江市,北田町,松江,19,３ＬＤＫ,90,,,,平成17年,,,住宅,,,,第２種住居地域,60.0,200.0,2020年第3四半期,改装済,,7.414973347970818
32030828,中古マンション等,,32201,島根県,松江市,寺町,松江,4,３ＬＤＫ,80,,,,平成13年,ＳＲＣ,住宅,,,,,商業地域,80.0,400.0,2008年第1四半期,未改装,,7.041392685158225
32001157,中古マンション等,,32201,島根県,松江市,砂子町,松江しんじ湖温泉,10,４ＬＤＫ,85,,,,平成12年,ＲＣ,住宅,住宅,,,,近隣商業地域,80.0,200.0,2017年第3四半期,未改装,,7.301029995663981
32000648,中古マンション等,,32201,島根県,松江市,北田町,松江,19,３ＬＤＫ,80,,,,平成29年,ＲＣ,,住宅,,,,第２種中高層住居専用地域,60.0,200.0,2019年第2四半期,未改装,,7.447158031342219
32000469,中古マンション等,,32201,島根県,松江市,学園,松江,26,４ＬＤＫ,80,,,,平成7年,ＲＣ,住宅,住宅,,,,第２種住居地域,60.0,200.0,2020年第1四半期,未改装,,7.113943352306837
32012974,中古マンション等,,32201,島根県,松江市,西川津町,松江,30分?60分,３ＬＤＫ,65,,,,平成13年,ＲＣ,住宅,,,,,第１種中高層住居専用地域,60.0,200.0,2014年第1四半期,未改装,,7.176091259055681
32000757,中古マンション等,,32201,島根県,松江市,黒田町,松江しんじ湖温泉,12,２ＬＤＫ＋Ｓ,80,,,,平成20年,ＲＣ,,住宅,,,,近隣商業地域,80.0,200.0,2018年第2四半期,,,7.342422680822207
32015932,中古マンション等,,32201,島根県,松江市,東朝日町,松江,12,３ＬＤＫ,70,,,,平成15年,ＲＣ,住宅,,,,,準工業地域,60.0,200.0,2011年第2四半期,改装済,,7.2552725051033065
32025530,中古マンション等,,32201,島根県,松江市,西津田,松江,20,３ＬＤＫ,65,,,,平成15年,ＳＲＣ,住宅,,,,,準工業地域,60.0,200.0,2013年第3四半期,未改装,,7.230448921378274
32025527,中古マンション等,,32201,島根県,松江市,西津田,松江,18,３ＬＤＫ,65,,,,平成9年,ＲＣ,住宅,,,,,第２種住居地域,60.0,200.0,2013年第4四半期,未改装,,6.963787827345556
32030562,中古マンション等,,32201,島根県,松江市,黒田町,松江しんじ湖温泉,18,３ＬＤＫ,65,,,,平成13年,ＲＣ,住宅,,,,,近隣商業地域,80.0,200.0,2007年第2四半期,未改装,,7.176091259055681
32028076,中古マンション等,,32201,島根県,松江市,学園,松江,29,３ＬＤＫ,70,,,,平成7年,ＲＣ,住宅,,,,,第２種中高層住居専用地域,60.0,200.0,2009年第3四半期,未改装,調停・競売等,6.8750612633917
32031054,中古マンション等,,32201,島根県,松江市,浜乃木,乃木,5,３ＬＤＫ,70,,,,平成11年,ＳＲＣ,住宅,,,,,第１種住居地域,60.0,200.0,2008年第4四半期,未改装,,7.204119982655925
32002295,中古マンション等,,32201,島根県,松江市,東津田町,松江,30分?60分,３ＬＤＫ,75,,,,平成19年,,住宅,住宅,,,,第１種住居地域,60.0,200.0,2020年第4四半期,未改装,,7.301029995663981
32019095,中古マンション等,,32201,島根県,松江市,春日町,松江しんじ湖温泉,25,４ＬＤＫ,120,,,,平成17年,ＲＣ,住宅,住宅,,,,第２種住居地域,60.0,200.0,2015年第4四半期,未改装,,7.518513939877887
32028786,中古マンション等,,32203,島根県,出雲市,駅南町,出雲市,4,３ＬＤＫ,65,,,,平成14年,ＲＣ,住宅,,,,,商業地域,80.0,500.0,2009年第3四半期,未改装,,7.079181246047625
32001161,中古マンション等,,32201,島根県,松江市,袖師町,松江,21,３ＬＤＫ,65,,,,平成12年,ＳＲＣ,住宅,住宅,,,,商業地域,80.0,400.0,2017年第4四半期,未改装,,7.278753600952829
32025001,中古マンション等,,32201,島根県,松江市,学園,松江,30分?60分,３ＬＤＫ,65,,,,平成7年,ＲＣ,住宅,,,,,第２種住居地域,60.0,200.0,2013年第2四半期,未改装,,7.113943352306837
32026273,中古マンション等,,32203,島根県,出雲市,今市町,出雲市,5,３ＬＤＫ,90,,,,平成19年,ＲＣ,住宅,,,,,商業地域,80.0,400.0,2013年第3四半期,未改装,,7.3222192947339195
32004070,中古マンション等,,32203,島根県,出雲市,今市町北本町,出雲市,11,２ＬＤＫ,65,,,,平成21年,ＲＣ,住宅,住宅,,,,商業地域,80.0,400.0,2017年第3四半期,未改装,,7.2552725051033065
32013891,中古マンション等,,32201,島根県,松江市,西津田,松江,13,３ＬＤＫ,70,,,,平成4年,ＲＣ,住宅,,,,,第１種住居地域,60.0,200.0,2010年第1四半期,改装済,,6.892094602690481
32025630,中古マンション等,,32201,島根県,松江市,浜乃木,乃木,6,３ＬＤＫ,65,,,,平成11年,ＳＲＣ,住宅,,,,,第１種住居地域,60.0,200.0,2013年第1四半期,改装済,,7.204119982655925
32013889,中古マンション等,,32201,島根県,松江市,西津田,松江,13,３ＬＤＫ,65,,,,平成4年,ＲＣ,住宅,,,,,第１種住居地域,60.0,200.0,2010年第2四半期,未改装,調停・競売等,6.748188027006201
32000653,中古マンション等,,32201,島根県,松江市,北田町,松江,20,３ＬＤＫ,70,,,,平成8年,ＲＣ,住宅,住宅,,,,第１種住居地域,,,2017年第3四半期,未改装,,7.176091259055681
32001977,中古マンション等,,32201,島根県,松江市,浜乃木,乃木,4,４ＬＤＫ,80,,,,平成15年,ＲＣ,住宅,住宅,,,,準工業地域,60.0,200.0,2016年第1四半期,改装済,,7.342422680822207
32006759,中古マンション等,,32203,島根県,出雲市,斐川町富村,直江,9,３ＬＤＫ,70,,,,平成5年,ＲＣ,住宅,事務所,,,,市街化区域及び市街化調整区域外の都市計画区域,70.0,200.0,2016年第4四半期,未改装,,6.812913356642856
32015661,中古マンション等,,32203,島根県,出雲市,中野美保北,出雲市,29,３ＬＤＫ,75,,,,平成17年,ＲＣ,住宅,,,,,第２種住居地域,60.0,200.0,2010年第1四半期,未改装,,7.204119982655925
32028321,中古マンション等,,32201,島根県,松江市,西津田,,,３ＬＤＫ,60,,,,平成6年,ＲＣ,住宅,,,,,,,,2009年第1四半期,未改装,,6.954242509439325
32001723,中古マンション等,,32201,島根県,松江市,西津田,松江,21,３ＬＤＫ,65,,,,平成15年,,住宅,住宅,,,,準工業地域,60.0,200.0,2018年第1四半期,未改装,,7.204119982655925
32013600,中古マンション等,,32203,島根県,出雲市,駅南町,出雲市,3,４ＬＤＫ,75,,,,平成14年,ＲＣ,住宅,住宅,,,,商業地域,80.0,400.0,2014年第3四半期,改装済,,7.176091259055681
32024997,中古マンション等,,32201,島根県,松江市,学園,松江,29,３ＬＤＫ,60,,,,平成7年,ＲＣ,住宅,,,,,第２種中高層住居専用地域,60.0,200.0,2013年第4四半期,改装済,,7.113943352306837
32001693,中古マンション等,,32201,島根県,松江市,西津田,松江,14,３ＬＤＫ,70,,,,平成6年,ＲＣ,住宅,住宅,,,,第１種住居地域,60.0,200.0,2020年第3四半期,未改装,,7.113943352306837
32030429,中古マンション等,,32201,島根県,松江市,学園,松江,30分?60分,３ＬＤＫ,65,,,,平成7年,ＲＣ,住宅,,,,,第２種中高層住居専用地域,60.0,200.0,2007年第2四半期,未改装,調停・競売等,6.959041392321094
32001699,中古マンション等,,32201,島根県,松江市,西津田,松江,15,４ＬＤＫ,75,,,,平成9年,ＲＣ,,住宅,,,,第２種住居地域,60.0,200.0,2019年第4四半期,未改装,,7.146128035678238
32028359,中古マンション等,,32201,島根県,松江市,浜乃木,松江,8,２ＬＤＫ,70,,,,平成15年,ＲＣ,住宅,,,,,準工業地域,60.0,200.0,2009年第3四半期,未改装,,7.204119982655925
32013503,中古マンション等,,32201,島根県,松江市,春日町,松江,30分?60分,３ＬＤＫ,70,,,,平成21年,ＲＣ,住宅,,,,,第２種中高層住居専用地域,60.0,200.0,2010年第3四半期,未改装,,7.2552725051033065
32001184,中古マンション等,,32201,島根県,松江市,大正町,松江,2,４ＬＤＫ,90,,,,平成13年,ＳＲＣ,住宅,住宅,,,,商業地域,80.0,400.0,2017年第1四半期,未改装,,7.414973347970818
32000745,中古マンション等,,32201,島根県,松江市,黒田町,松江,30分?60分,３ＬＤＫ,65,,,,平成13年,ＲＣ,住宅,住宅,,,,近隣商業地域,80.0,200.0,2017年第1四半期,改装済,,7.176091259055681
32015731,中古マンション等,,32201,島根県,松江市,西川津町,松江,23,３ＬＤＫ,60,,,,平成3年,ＲＣ,住宅,,,,,第１種住居地域,60.0,200.0,2011年第3四半期,未改装,,6.812913356642856
32019567,中古マンション等,,32201,島根県,松江市,西川津町,松江,30分?60分,３ＬＤＫ,70,,,,平成13年,ＲＣ,住宅,住宅,,,,第１種中高層住居専用地域,60.0,200.0,2015年第3四半期,改装済,,7.230448921378274
32012795,中古マンション等,,32201,島根県,松江市,黒田町,松江しんじ湖温泉,16,３ＬＤＫ,80,,,,平成11年,ＲＣ,住宅,住宅,,,,第２種中高層住居専用地域,60.0,200.0,2014年第2四半期,改装済,,7.230448921378274
32012745,中古マンション等,,32201,島根県,松江市,学園南,松江,16,３ＬＤＫ,90,,,,平成13年,ＳＲＣ,住宅,住宅,,,,第２種住居地域,60.0,200.0,2014年第2四半期,未改装,,7.3222192947339195
32013705,中古マンション等,,32201,島根県,松江市,袖師町,,,３ＬＤＫ,70,,,,平成12年,ＳＲＣ,住宅,,,,,商業地域,80.0,400.0,2010年第2四半期,未改装,,7.079181246047625
32004074,中古マンション等,,32203,島根県,出雲市,今市町北本町,出雲市,11,４ＬＤＫ,80,,,,平成21年,ＲＣ,住宅,住宅,,,,商業地域,80.0,400.0,2016年第1四半期,未改装,,7.3222192947339195
32028766,中古マンション等,,32203,島根県,出雲市,今市町北本町,出雲市,11,３ＬＤＫ,80,,,,平成21年,ＲＣ,住宅,,,,,商業地域,80.0,400.0,2009年第4四半期,未改装,,7.380211241711606
32031159,中古マンション等,,32201,島根県,松江市,東茶町,松江しんじ湖温泉,13,２ＬＤＫ,80,,,,平成9年,ＲＣ,住宅,,,,,商業地域,80.0,500.0,2007年第2四半期,未改装,,7.3979400086720375
32025103,中古マンション等,,32201,島根県,松江市,春日町,松江,30分?60分,３ＬＤＫ,70,,,,平成21年,ＲＣ,住宅,,,,,第２種中高層住居専用地域,60.0,300.0,2013年第4四半期,未改装,,7.2552725051033065
32015715,中古マンション等,,32201,島根県,松江市,西川津町,松江,30分?60分,３ＬＤＫ,75,,,,平成13年,ＲＣ,住宅,,,,,第１種中高層住居専用地域,60.0,200.0,2011年第4四半期,未改装,,7.278753600952829
32001603,中古マンション等,,32201,島根県,松江市,西川津町,松江,30分?60分,３ＬＤＫ,80,,,,平成13年,,住宅,住宅,,,,第１種中高層住居専用地域,60.0,200.0,2020年第2四半期,未改装,,7.176091259055681
32002026,中古マンション等,,32201,島根県,松江市,東朝日町,松江,13,３ＬＤＫ,75,,,,平成15年,ＲＣ,住宅,住宅,,,,準工業地域,60.0,200.0,2016年第2四半期,未改装,,7.2552725051033065
32028275,中古マンション等,,32201,島根県,松江市,寺町,松江,3,４ＬＤＫ,80,,,,平成13年,ＳＲＣ,住宅,,,,,商業地域,80.0,400.0,2009年第1四半期,未改装,,7.176091259055681
32030426,中古マンション等,,32201,島根県,松江市,学園,松江,30分?60分,３ＬＤＫ,80,,,,平成16年,ＳＲＣ,住宅,,,,,第２種中高層住居専用地域,60.0,200.0,2007年第3四半期,未改装,,7.278753600952829
32001668,中古マンション等,,32201,島根県,松江市,西川津町,松江,30分?60分,３ＬＤＫ,65,,,,平成13年,ＲＣ,住宅,事務所,,,,第１種中高層住居専用地域,60.0,200.0,2016年第2四半期,改装済,,7.230448921378274
32001586,中古マンション等,,32201,島根県,松江市,西川津町,松江,28,３ＬＤＫ,60,,,,平成12年,ＲＣ,住宅,住宅,,,,第１種住居地域,60.0,200.0,2021年第1四半期,未改装,,6.812913356642856
32025193,中古マンション等,,32201,島根県,松江市,黒田町,松江しんじ湖温泉,10,３ＬＤＫ,80,,,,平成18年,ＳＲＣ,住宅,,,,,第１種中高層住居専用地域,60.0,200.0,2013年第1四半期,未改装,,7.3979400086720375
32002021,中古マンション等,,32201,島根県,松江市,東朝日町,松江,10,３ＬＤＫ,70,,,,平成15年,ＲＣ,住宅,住宅,,,,準工業地域,60.0,200.0,2017年第1四半期,未改装,,7.301029995663981
32001154,中古マンション等,,32201,島根県,松江市,砂子町,松江しんじ湖温泉,9,３ＬＤＫ,75,,,,平成12年,ＲＣ,住宅,住宅,,,,近隣商業地域,80.0,200.0,2020年第4四半期,未改装,調停・競売等,7.176091259055681
32024999,中古マンション等,,32201,島根県,松江市,学園,松江,29,３ＬＤＫ,65,,,,平成7年,ＲＣ,住宅,,,,,第２種住居地域,60.0,200.0,2013年第3四半期,未改装,,7.146128035678238
32028370,中古マンション等,,32201,島根県,松江市,東朝日町,松江,13,３ＬＤＫ,65,,,,平成14年,ＲＣ,住宅,,,,,第２種住居地域,60.0,200.0,2009年第3四半期,未改装,調停・競売等,7.113943352306837
32000651,中古マンション等,,32201,島根県,松江市,北田町,松江,21,３ＬＤＫ,70,,,,平成8年,ＲＣ,住宅,住宅,,,,第１種住居地域,60.0,200.0,2018年第1四半期,未改装,,7.113943352306837
32025542,中古マンション等,,32201,島根県,松江市,西津田,松江,15,４ＬＤＫ,75,,,,平成9年,ＲＣ,住宅,,,,,第２種住居地域,60.0,200.0,2013年第1四半期,未改装,,7.146128035678238
32028363,中古マンション等,,32201,島根県,松江市,浜乃木,,,２ＬＤＫ＋Ｓ,65,,,,平成11年,ＳＲＣ,住宅,,,,,,,,2009年第2四半期,改装済,,7.113943352306837
32000642,中古マンション等,,32201,島根県,松江市,北田町,松江,18,３ＬＤＫ,70,,,,平成29年,ＲＣ,,住宅,,,,第２種中高層住居専用地域,60.0,200.0,2020年第1四半期,未改装,,7.4623979978989565
32000816,中古マンション等,,32201,島根県,松江市,古志原,松江,30分?60分,３ＬＤＫ,65,,,,平成16年,ＲＣ,住宅,住宅,,,,第１種住居地域,60.0,200.0,2018年第3四半期,未改装,,7.176091259055681
32028316,中古マンション等,,32201,島根県,松江市,西津田,松江,11,３ＬＤＫ,65,,,,平成6年,ＲＣ,住宅,,,,,第１種住居地域,60.0,200.0,2009年第2四半期,未改装,,6.977723605288848
32004066,中古マンション等,,32203,島根県,出雲市,今市町北本町,出雲市,16,２ＬＤＫ,60,,,,平成29年,ＲＣ,住宅,,,,,第２種住居地域,60.0,200.0,2018年第3四半期,未改装,,7.3979400086720375
32028111,中古マンション等,,32201,島根県,松江市,春日町,松江,30分?60分,３ＬＤＫ,70,,,,平成21年,ＲＣ,住宅,,,,,第２種中高層住居専用地域,60.0,200.0,2009年第3四半期,未改装,,7.342422680822207
32000576,中古マンション等,,32201,島根県,松江市,春日町,松江,30分?60分,３ＬＤＫ,90,,,,平成21年,ＲＣ,住宅,住宅,,,,第２種中高層住居専用地域,60.0,200.0,2020年第3四半期,改装済,,7.361727836017593
32013836,中古マンション等,,32201,島根県,松江市,西川津町,松江,26,３ＬＤＫ,60,,,,平成2年,ＲＣ,住宅,,,,,第１種住居地域,60.0,200.0,2010年第3四半期,未改装,,6.724275869600789
32013131,中古マンション等,,32201,島根県,松江市,東茶町,松江しんじ湖温泉,9,３ＬＤＫ,75,,,,平成9年,ＲＣ,住宅,住宅,,,,商業地域,80.0,500.0,2014年第4四半期,改装済,,7.230448921378274
32012964,中古マンション等,,32201,島根県,松江市,西川津町,松江,26,３ＬＤＫ,60,,,,平成2年,ＲＣ,住宅,住宅,,,,第１種住居地域,60.0,200.0,2014年第3四半期,,,6.763427993562937
32021464,中古マンション等,,32201,島根県,松江市,黒田町,松江,30分?60分,３ＬＤＫ,70,,,,平成13年,ＲＣ,住宅,,,,,近隣商業地域,80.0,200.0,2012年第1四半期,未改装,,6.954242509439325
32015713,中古マンション等,,32201,島根県,松江市,西川津町,松江,25,３ＬＤＫ,60,,,,平成2年,ＲＣ,住宅,,,,,第１種住居地域,60.0,200.0,2011年第4四半期,改装済,,6.903089986991944
32000590,中古マンション等,,32201,島根県,松江市,春日町,松江,30分?60分,３ＬＤＫ,75,,,,平成21年,ＲＣ,,住宅,,,,第２種中高層住居専用地域,,,2017年第4四半期,未改装,,7.278753600952829
32000599,中古マンション等,,32201,島根県,松江市,春日町,松江,1H?1H30,４ＬＤＫ,100,,,,平成18年,ＲＣ,住宅,住宅,,,,第２種中高層住居専用地域,60.0,200.0,2016年第4四半期,未改装,,7.2552725051033065
32004065,中古マンション等,,32203,島根県,出雲市,今市町北本町,出雲市,12,２ＬＤＫ,65,,,,平成21年,ＲＣ,住宅,住宅,,,,商業地域,80.0,400.0,2018年第3四半期,改装済,,7.3222192947339195
32013885,中古マンション等,,32201,島根県,松江市,西津田,松江,13,３ＬＤＫ,70,,,,平成4年,ＲＣ,住宅,,,,,第１種住居地域,60.0,200.0,2010年第4四半期,未改装,,6.954242509439325
32030432,中古マンション等,,32201,島根県,松江市,学園南,,,３ＬＤＫ,70,,,,平成5年,ＲＣ,住宅,,,,,,,,2008年第4四半期,改装済,,6.968482948553935
32028081,中古マンション等,,32201,島根県,松江市,学園南,松江,20,３ＬＤＫ,75,,,,平成20年,ＲＣ,住宅,,,,,第２種住居地域,60.0,200.0,2009年第3四半期,未改装,,7.361727836017593
32030340,中古マンション等,,32201,島根県,松江市,上乃木,乃木,16,３ＬＤＫ,65,,,,平成13年,ＲＣ,住宅,,,,,第２種中高層住居専用地域,60.0,200.0,2007年第3四半期,改装済,,7.146128035678238
32012794,中古マンション等,,32201,島根県,松江市,黒田町,松江しんじ湖温泉,13,３ＬＤＫ,95,,,,平成20年,ＲＣ,住宅,住宅,,,,近隣商業地域,80.0,200.0,2014年第3四半期,未改装,,7.544068044350276
32028078,中古マンション等,,32201,島根県,松江市,学園南,松江,19,４ＬＤＫ,90,,,,平成20年,ＲＣ,住宅,,,,,第２種住居地域,60.0,200.0,2009年第4四半期,未改装,,7.3979400086720375
32030430,中古マンション等,,32201,島根県,松江市,学園,松江,30分?60分,４ＬＤＫ,80,,,,平成16年,ＳＲＣ,住宅,,,,,第２種中高層住居専用地域,60.0,200.0,2007年第2四半期,未改装,調停・競売等,7.113943352306837
32013593,中古マンション等,,32201,島根県,松江市,黒田町,松江しんじ湖温泉,13,３ＬＤＫ,80,,,,平成20年,ＲＣ,住宅,,,,,近隣商業地域,80.0,200.0,2010年第4四半期,未改装,,7.301029995663981
32001733,中古マンション等,,32201,島根県,松江市,西津田,松江,14,３ＬＤＫ,70,,,,平成6年,ＲＣ,住宅,住宅,,,,第１種住居地域,60.0,200.0,2017年第3四半期,改装済,,7.113943352306837
32015223,中古マンション等,,32201,島根県,松江市,春日町,松江,30分?60分,３ＬＤＫ,75,,,,平成18年,ＲＣ,住宅,,,,,第２種中高層住居専用地域,60.0,200.0,2011年第2四半期,未改装,,7.204119982655925
32021461,中古マンション等,,32201,島根県,松江市,黒田町,松江,30分?60分,３ＬＤＫ,65,,,,平成13年,ＲＣ,住宅,,,,,近隣商業地域,80.0,200.0,2012年第2四半期,未改装,,7.230448921378274
32025140,中古マンション等,,32201,島根県,松江市,北田町,松江,23,３ＬＤＫ,70,,,,平成8年,ＲＣ,住宅,,,,,第１種住居地域,60.0,200.0,2013年第2四半期,改装済,,7.146128035678238
32001188,中古マンション等,,32201,島根県,松江市,大輪町,松江,26,３ＬＤＫ,70,,,,,ＲＣ,住宅,住宅,,,,第１種住居地域,60.0,200.0,2018年第3四半期,未改装,,7.146128035678238
32013465,中古マンション等,,32201,島根県,松江市,学園,松江,28,３ＬＤＫ,70,,,,平成8年,ＲＣ,住宅,,,,,第２種住居地域,60.0,200.0,2010年第1四半期,改装済,,7.146128035678238
32030962,中古マンション等,,32201,島根県,松江市,西川津町,松江,,３ＬＤＫ,65,,,,平成13年,ＲＣ,住宅,,,,,第１種中高層住居専用地域,60.0,200.0,2008年第2四半期,未改装,,7.146128035678238
32013511,中古マンション等,,32201,島根県,松江市,春日町,松江,30分?60分,３ＬＤＫ,70,,,,平成21年,ＲＣ,住宅,,,,,第２種中高層住居専用地域,60.0,200.0,2010年第2四半期,未改装,,7.278753600952829
32030978,中古マンション等,,32201,島根県,松江市,西川津町,松江,30分?60分,３ＬＤＫ,75,,,,平成13年,ＲＣ,住宅,,,,,第１種中高層住居専用地域,60.0,200.0,2007年第2四半期,改装済,,7.230448921378274
32000646,中古マンション等,,32201,島根県,松江市,北田町,松江,21,３ＬＤＫ,75,,,,平成8年,ＲＣ,住宅,住宅,,,,第１種住居地域,60.0,200.0,2019年第2四半期,未改装,,7.230448921378274
32014982,中古マンション等,,32203,島根県,出雲市,小山町,出雲市,29,４ＬＤＫ,80,,,,平成14年,ＳＲＣ,住宅,,,,,第１種住居地域,60.0,200.0,2010年第3四半期,未改装,,7.204119982655925
32030422,中古マンション等,,32201,島根県,松江市,学園,松江,29,３ＬＤＫ,70,,,,平成7年,ＲＣ,住宅,,,,,第２種中高層住居専用地域,60.0,200.0,2008年第2四半期,改装済,,7.146128035678238
32001638,中古マンション等,,32201,島根県,松江市,西川津町,松江,28,３ＬＤＫ,60,,,,平成2年,ＲＣ,住宅,住宅,,,,第１種中高層住居専用地域,60.0,200.0,2018年第2四半期,未改装,,6.826074802700826
32001186,中古マンション等,,32201,島根県,松江市,大輪町,松江,25,４ＬＤＫ,90,,,,平成9年,ＲＣ,住宅,住宅,,,,第１種住居地域,60.0,200.0,2020年第1四半期,未改装,,7.278753600952829
32001632,中古マンション等,,32201,島根県,松江市,西川津町,松江,30分?60分,３ＬＤＫ,65,,,,平成13年,ＲＣ,住宅,住宅,,,,第１種中高層住居専用地域,60.0,200.0,2018年第4四半期,未改装,,7.176091259055681
32028115,中古マンション等,,32201,島根県,松江市,春日町,松江しんじ湖温泉,30分?60分,３ＬＤＫ,75,,,,平成18年,ＲＣ,住宅,,,,,第２種中高層住居専用地域,60.0,200.0,2009年第3四半期,未改装,,7.204119982655925
32021387,中古マンション等,,32201,島根県,松江市,春日町,松江しんじ湖温泉,30分?60分,３ＬＤＫ,70,,,,平成18年,ＲＣ,住宅,,,,,第２種中高層住居専用地域,60.0,200.0,2012年第1四半期,改装済,,7.2552725051033065
32025649,中古マンション等,,32201,島根県,松江市,東朝日町,松江,10,３ＬＤＫ,75,,,,平成15年,ＲＣ,住宅,,,,,準工業地域,60.0,200.0,2013年第3四半期,未改装,,7.301029995663981
32016145,中古マンション等,,32201,島根県,松江市,東茶町,松江,20,２ＬＤＫ,80,,,,平成9年,ＲＣ,住宅,,,,,商業地域,80.0,500.0,2011年第1四半期,未改装,,7.278753600952829
32000463,中古マンション等,,32201,島根県,松江市,学園,松江,28,３ＬＤＫ,65,,,,平成7年,ＲＣ,住宅,住宅,,,,第２種中高層住居専用地域,60.0,200.0,2020年第4四半期,改装済,,7.278753600952829
32015133,中古マンション等,,32201,島根県,松江市,学園南,松江,20,４ＬＤＫ,75,,,,平成20年,ＲＣ,住宅,,,,,第２種住居地域,60.0,200.0,2011年第4四半期,未改装,,7.3222192947339195
32021931,中古マンション等,,32201,島根県,松江市,西津田,松江,13,４ＬＤＫ,80,,,,平成6年,ＲＣ,住宅,,,,,第１種住居地域,60.0,200.0,2012年第1四半期,未改装,,7.0
32030524,中古マンション等,,32201,島根県,松江市,北田町,松江,21,３ＬＤＫ,70,,,,平成8年,ＲＣ,住宅,,,,,第１種住居地域,60.0,200.0,2007年第3四半期,改装済,,7.146128035678238
32014867,中古マンション等,,32203,島根県,出雲市,今市町北本町,,,３ＬＤＫ,70,,,,平成21年,ＲＣ,住宅,,,,,,,,2010年第2四半期,未改装,,7.278753600952829
32002010,中古マンション等,,32201,島根県,松江市,東朝日町,松江,5,２ＬＤＫ,60,,,,平成14年,ＳＲＣ,,住宅,,,,商業地域,80.0,400.0,2019年第2四半期,未改装,,7.176091259055681
32000735,中古マンション等,,32201,島根県,松江市,黒田町,松江,30分?60分,３ＬＤＫ,75,,,,平成18年,ＳＲＣ,,住宅,,,,第２種中高層住居専用地域,60.0,200.0,2018年第4四半期,未改装,,7.278753600952829
32013509,中古マンション等,,32201,島根県,松江市,春日町,松江,30分?60分,３ＬＤＫ,80,,,,平成21年,ＲＣ,住宅,,,,,第２種中高層住居専用地域,60.0,200.0,2010年第2四半期,未改装,,7.3222192947339195
